Name,Distinction,Cuisine
Paradisaea, ,Californian
Dalida, ,Mediterranean
Movida, ,Mexican
Olivia, ,Vegetarian
Kiln, ,Contemporary
hibi, ,Japanese
Baroo, ,Korean
Little Vietnam, ,Vietnamese
La Tejana,Bib Gourmand,Mexican
Michele's, ,American
Georgia Brown’s, ,Southern
Rania,1 Star,Indian
Bar Chinois, ,Asian
The Bombay Club, ,Indian
Little Pearl,1 Star,Contemporary
Fiola,1 Star,Italian
The Pembroke, ,French
Cane,Bib Gourmand,Caribbean
Stellina Pizzeria,Bib Gourmand,Pizza
Convivial, ,French
Jônt,2 Stars,Contemporary
Queen’s English,Bib Gourmand,Chinese
Annabelle, ,Contemporary
Chaplin's, ,Asian
Flora Flora, ,Latin
Bronze, ,Contemporary
New Heights, ,American
Anju, ,Korean
Taqueria Habanero,Bib Gourmand,Mexican
Dauphine's,Bib Gourmand,Creole
The Dabney,1 Star,American
Métier,1 Star,Contemporary
"Beloved BBQ at Love, Makoto", ,Japanese
Kappo, ,Japanese
Royal, ,Latin
Menya Hosaki,Bib Gourmand,Japanese
Daru,Bib Gourmand,Indian
Reveler's Hour, ,Contemporary
El Secreto de Rosita, ,Peruvian
Hank’s Oyster Bar, ,Seafood
Kinship,1 Star,Contemporary
Shōtō, ,Japanese
Rasika, ,Indian
Philotimo, ,Greek
Gravitas,1 Star,Contemporary
Blue Duck Tavern, ,American
Ellē,Bib Gourmand,Contemporary
Del Mar, ,Spanish
Family Ethiopian, ,Ethiopian
Xiquet,1 Star,Spanish
Rooster & Owl,1 Star,Contemporary
Café Riggs, ,Contemporary
Masseria,1 Star,Italian
Keren, ,Ethiopian
The Saga, ,Spanish
Petite Cerise, ,French
Ris, ,American
Thip Khao, ,Lao
Toki Underground,Bib Gourmand,Japanese
Chang Chang, ,Chinese
Opal, ,American
Grazie Nonna, ,Italian
Bar Spero, ,Contemporary
Chloe, ,International
L’Ardente, ,Italian
Laos in Town,Bib Gourmand,South
Rumi's Kitchen, ,Persian
Yellow,Bib Gourmand,Middle
Maïz64, ,Mexican
Patty O's Cafe & Bakery, ,European
Elcielo D.C.,1 Star,Colombian
Astoria DC,Bib Gourmand,Asian
Fiola Mare, ,Seafood
Das, ,Ethiopian
Maydān,1 Star,Middle
Maketto,Bib Gourmand,Asian
Karma Modern Indian,Bib Gourmand,Indian
Lutèce, ,Contemporary
San Lorenzo, ,Italian
Ottoman Taverna, ,Turkish
minibar,2 Stars,Contemporary
ala, ,Middle
Reverie,1 Star,Contemporary
Elfegne, ,Ethiopian
La Bise, ,French
Causa,1 Star,Peruvian
BlackSalt, ,Seafood
Bresca,1 Star,Contemporary
Mandu, ,Korean
Cranes, ,Spanish
Oyster Oyster,1 Star,Vegetarian
Sababa,Bib Gourmand,Mediterranean
Tail Up Goat,1 Star,Contemporary
Obelisk, ,Italian
Pineapple and Pearls,2 Stars,Contemporary
Sushi Nakazawa,1 Star,Japanese
Tsehay, ,Ethiopian
Imperfecto: The Chef's Table,1 Star,Latin
Tiger Fork, ,Chinese
The Imperial, ,American
dLeña, ,Latin
Shilling Canning Company, ,American
St. James, ,Caribbean
Seven Reasons, ,Latin
Apéro, ,French
Honeymoon Chicken,Bib Gourmand,American
Hitching Post,Bib Gourmand,Southern
Makan,Bib Gourmand,Malaysian
Ivy City Smokehouse,Bib Gourmand,Seafood
The Inn at Little Washington,3 Stars,American
1789, ,American
Oyamel,Bib Gourmand,Mexican
Jaleo, ,Spanish
Marcel's, ,French
Albi,1 Star,Middle
"Dear Sushi at Love, Makoto", ,Sushi
Kaliwa,Bib Gourmand,Asian
China Chilcano,Bib Gourmand,Peruvian
Estuary, ,Seafood
Lapis,Bib Gourmand,Afghan
Supra, ,Central
Zaytinya,Bib Gourmand,Mediterranean
Residents Cafe & Bar,Bib Gourmand,Contemporary
Timber Pizza Co, ,Pizza
Sfoglina,Bib Gourmand,Italian
The Red Hen,Bib Gourmand,Italian
Unconventional Diner,Bib Gourmand,American
Rose’s Luxury,1 Star,Contemporary
El Fish Marisqueria, ,Mexican
Pranakhon,Bib Gourmand,Thai
Peak, ,Contemporary
Flora,Bib Gourmand,Italian
Agi's Counter,Bib Gourmand,Creative
Naro, ,Korean
Shmoné,1 Star,Israeli
Tsukimi,1 Star,Japanese
Sushi Ichimura,1 Star,Japanese
Seoul Salon, ,Korean
53, ,Asian
Bonnie's, ,Cantonese
Joomak Banjum,1 Star,Asian
Sweetbriar, ,Contemporary
Archie's Tap & Table, ,American
8282,Bib Gourmand,Korean
The Clocktower, ,English
Oiji Mi,1 Star,Korean
Jua,1 Star,Korean
Seppe Pizza Bar, ,Pizza
Chama Mama, ,Central
Bad Roman, ,Italian
bōm,1 Star,Korean
Monsieur Vo, ,Vietnamese
Chutney Masala,Bib Gourmand,Indian
Noz 17,1 Star,Japanese
Neta Shari, ,Japanese
Torrisi,1 Star,Contemporary
Red Paper Clip,1 Star,Contemporary
Silver Apricot, ,Chinese
Tobalá, ,Mexican
Mesiba, ,Middle
Principe, ,Seafood
Gab's, ,European
Kebab aur Sharab, ,Indian
HAGS, ,Contemporary
Ci Siamo, ,Italian
Contento, ,Peruvian
Cómodo, ,Latin
LaLou, ,Contemporary
Sushi Ikumi, ,Japanese
The Whitlock, ,American
Mexicosina,Bib Gourmand,Mexican
Sofreh, ,Persian
Peppercorn Station,Bib Gourmand,Chinese
Raf's, ,European
MayRee, ,Thai
Augustine’s Salumeria, ,Contemporary
Osteria Padre Pio, ,Italian
La Crémaillère, ,French
Jolene, ,American
Frank Pepe Pizzeria Napoletana, ,Pizza
63 Clinton,1 Star,Contemporary
Aldama, ,Mexican
Nura, ,Contemporary
Enzo’s of Williamsbridge,Bib Gourmand,Italian
El Nuevo Bohío, ,Puerto
Emilio's Ballato, ,Italian
Win Son,Bib Gourmand,Chinese
Saint Julivert Fisherie,Bib Gourmand,Seafood
Le Jardinier New York,1 Star,French
Rezdôra,1 Star,Italian
OKO Rye, ,Asian
The Lambs Club, ,Steakhouse
O Mandarin Chinese, ,Chinese
Café Mars,Bib Gourmand,Contemporary
Foul Witch, ,Contemporary
The Commerce Inn, ,American
Apropos Restaurant at The Abbey Inn, ,American
Semma,1 Star,Indian
odo,2 Stars,Japanese
Balaboosta, ,Middle
Haenyeo,Bib Gourmand,Korean
Mint Premium Foods, ,Mediterranean
Popina, ,Italian
Per Se,3 Stars,Contemporary
Carne Mare, ,Steakhouse
Inga's Bar, ,American
Phayul,Bib Gourmand,Tibetan
Ma•dé, ,South
The Office of Mr. Moto, ,Japanese
Superiority Burger,Bib Gourmand,Vegetarian
Claud, ,European
Sobre Masa,Bib Gourmand,Mexican
Bar Tulix, ,Mexican
Laser Wolf, ,Middle
C as in Charlie,Bib Gourmand,Fusion
KRU,Bib Gourmand,Thai
Miss Ada,Bib Gourmand,Middle
Mile End,Bib Gourmand,Deli
Frevo,1 Star,Contemporary
RaaSa,Bib Gourmand,Indian
Reverence, ,Contemporary
Risbo, ,American
Đi Ăn Đi, ,Vietnamese
Ariari, ,Korean
Meju,1 Star,Korean
Moody Tongue Sushi, ,Sushi
Hav & Mar, ,Fusion
HOUSE Brooklyn, ,Japanese
Tatiana, ,Fusion
Soda Club,Bib Gourmand,Vegan
Tagmo, ,Indian
LittleMäd, ,Korean
Runner Up,Bib Gourmand,American
TVB by: Pax Romana,Bib Gourmand,Italian
Torien,1 Star,Japanese
Thai Diner,Bib Gourmand,Thai
Van Đa,Bib Gourmand,Vietnamese
X20 Xaviars On the Hudson, ,European
Ammazzacaffè,Bib Gourmand,Italian
Blue Hill at Stone Barns,2 Stars,American
Roberto's, ,Italian
Don Angie, ,Italian
Boro6 Wine Bar,Bib Gourmand,Contemporary
Patricia’s, ,Italian
Genesis House Restaurant, ,Korean
The Dining Room at The Guesthouse, ,Contemporary
Little Myanmar, ,Burmese
Jōji,1 Star,Japanese
Tacos Güey, ,Mexican
Le Rock, ,Contemporary
Mari,1 Star,Korean
Chick Chick,Bib Gourmand,Asian
Mel's, ,Pizza
Wau, ,Indonesian
Icca,1 Star,Japanese
Cafe Sabarsky, ,Austrian
Yoshino,1 Star,Japanese
Wan Wan, ,Thai
Dhamaka,Bib Gourmand,Indian
MP Taverna, ,Greek
Liebman's, ,Deli
Mission Ceviche, ,Peruvian
Purdy's Farmer & the Fish, ,Seafood
Farra, ,Contemporary
Sagara,Bib Gourmand,Sri
Saga,2 Stars,Contemporary
Gage & Tollner, ,Steakhouse
Zanmi, ,Caribbean
Szechuan Gourmet,Bib Gourmand,Chinese
Fradei, ,Contemporary
Crown Shy,1 Star,Contemporary
Rafele Rye,Bib Gourmand,Italian
Madre, ,Contemporary
Hūso, ,Contemporary
Chola, ,Indian
Shabushabu Mayumon, ,Japanese
Le Fanfare,Bib Gourmand,Italian
Southern Table,Bib Gourmand,Southern
Kung Fu Little Steamed Buns Ramen,Bib Gourmand,Chinese
Manhatta, ,Contemporary
For All Things Good, ,Mexican
Yellow Rose,Bib Gourmand,Tex
SaRanRom Thai,Bib Gourmand,Thai
Dame, ,Seafood
Nice Matin, ,French
La Devozione: The Oval, ,Italian
The Orchard Townhouse, ,Contemporary
Great N.Y. Noodletown, ,Chinese
Dim Sum Go Go,Bib Gourmand,Chinese
Gordo's Cantina,Bib Gourmand,Mexican
Rule of Thirds, ,Japanese
Hearth, ,Italian
Bar Primi,Bib Gourmand,Italian
Tonchin,Bib Gourmand,Japanese
Le Bernardin,3 Stars,Seafood
Porter House, ,Steakhouse
Marea, ,Seafood
Russ & Daughters Cafe,Bib Gourmand,American
Claro, ,Mexican
Glasserie,Bib Gourmand,Middle
Cosme, ,Mexican
Asian Jewels, ,Chinese
Sushi Amane,1 Star,Japanese
Craft, ,American
Marc Forgione, ,American
abcV, ,Vegetarian
21 Greenpoint,Bib Gourmand,American
Tamarind, ,Indian
The Musket Room,1 Star,Contemporary
Jiang Nan,Bib Gourmand,Chinese
Red Hook Tavern, ,American
Tong, ,Thai
Rolo's,Bib Gourmand,American
Hupo,Bib Gourmand,Chinese
Cho Dang Gol,Bib Gourmand,Korean
Atla,Bib Gourmand,Mexican
Hunan Bistro, ,Chinese
Tomiño Taberna Gallega,Bib Gourmand,Spanish
Gramercy Tavern,1 Star,Contemporary
Lakruwana, ,Sri
Hometown Barbecue New York,Bib Gourmand,Barbecue
Mtskheta Café, ,Central
Enoteca Maria,Bib Gourmand,Italian
Sushi Yasuda,1 Star,Japanese
Minetta Tavern, ,Gastropub
Lobster Club, ,Japanese
J.G. Melon, ,American
Ugly Baby,Bib Gourmand,Thai
Secchu Yokota, ,Japanese
Da Franco & Tony Ristorante, ,Italian
Goosefeather, ,Cantonese
Cotenna,Bib Gourmand,Italian
Llama Inn,Bib Gourmand,Peruvian
Blue Ribbon, ,Contemporary
Chuan Tian Xia,Bib Gourmand,Chinese
Clay, ,Contemporary
Covacha,Bib Gourmand,Mexican
Vestry,1 Star,Contemporary
Casa Dani, ,Spanish
Sami & Susu,Bib Gourmand,Mediterranean
Ivan Ramen, ,Japanese
Dirt Candy,1 Star,Vegetarian
The Modern,2 Stars,Contemporary
Alta Calidad,Bib Gourmand,Mexican
Vinum, ,Italian
Purple Yam,Bib Gourmand,Filipino
Sushi Noz,2 Stars,Japanese
Miss Mamie's Spoonbread Too,Bib Gourmand,Southern
JoJo, ,Contemporary
Tanoreen,Bib Gourmand,Middle
Faun, ,Contemporary
Amelie,Bib Gourmand,French
Via Carota, ,Italian
M. Wells, ,Gastropub
Alley 41,Bib Gourmand,Chinese
Norma Gastronomia Siciliana,Bib Gourmand,Italian
Houseman, ,American
Tuome,1 Star,Fusion
Roberta's,Bib Gourmand,Pizza
Pylos, ,Greek
King, ,Mediterranean
Town House, ,Contemporary
Ernesto's, ,Spanish
Badageoni Georgian Kitchen,Bib Gourmand,Central
15 East at Tocqueville, ,Contemporary
The Four Horsemen,1 Star,American
Oxalis,1 Star,Contemporary
Rosella, ,Japanese
Barbuto, ,Italian
Indian Accent, ,Indian
Kyma, ,Greek
Cervo’s, ,Spanish
Casa Mono,1 Star,Spanish
Seis Vecinos, ,Latin
East Harbor Seafood Palace, ,Chinese
Taverna Kyclades, ,Greek
Runner & Stone, ,Contemporary
DaXi Sichuan, ,Chinese
Le Gigot, ,French
Kosaka,1 Star,Japanese
Atomix,2 Stars,Korean
Hart's, ,Mediterranean
Falansai, ,Vietnamese
Daniel,2 Stars,French
Atoboy, ,Korean
Soba-Ya,Bib Gourmand,Japanese
Lord's, ,English
Jupiter, ,Italian
Nudibranch, ,Contemporary
Gotham, ,American
Dons Bogam, ,Korean
Dubrovnik,Bib Gourmand,Croatian
R40, ,Argentinian
Bohemian Spirit,Bib Gourmand,Czech
The Cookery,Bib Gourmand,Italian
One White Street,1 Star,Contemporary
Kimika, ,Fusion
Melba's, ,Southern
Ulivo, ,Italian
Junoon, ,Indian
The Grill, ,American
Wallsé, ,Austrian
Loring Place, ,American
Empellón, ,Mexican
Hirohisa,1 Star,Japanese
Ribalta, ,Italian
Mary's Fish Camp, ,Seafood
I Sodi, ,Italian
The Odeon, ,American
aRoqa, ,Indian
Gus's Chop House, ,Steakhouse
Hudson Smokehouse, ,Barbecue
Chambers, ,Contemporary
Zaab Zaab,Bib Gourmand,Thai
Family Meal at Blue Hill,1 Star,American
Cha Kee, ,Asian
Carbone, ,Italian
Momofuku Noodle Bar,Bib Gourmand,Asian
Le Pavillon,1 Star,Contemporary
Café Salmagundi, ,Contemporary
Hyun, ,Korean
Ruffian,Bib Gourmand,Contemporary
Cardamom,Bib Gourmand,Indian
La Cueva Fonda,Bib Gourmand,Mexican
Soothr, ,Thai
Community Food & Juice, ,American
Gabriel Kreuther,2 Stars,Contemporary
West New Malaysia,Bib Gourmand,Malaysian
Baar Baar, ,Indian
Olmsted, ,Contemporary
Jean-Georges,2 Stars,Contemporary
Miss Lily’s, ,Jamaican
Sushi Ann, ,Japanese
Little Alley,Bib Gourmand,Chinese
Casa Enrique, ,Mexican
La Vara, ,Spanish
Atera,2 Stars,Contemporary
Locanda Verde, ,Italian
La Mercerie, ,French
Pinch Chinese,Bib Gourmand,Chinese
Al Badawi, ,Middle
Kochi,1 Star,Korean
Ayat, ,Middle
Dagon, ,Mediterranean
Cadence, ,Vegan
San Carlo Osteria Piemonte, ,Italian
Ai Fiori, ,Italian
Pierozek,Bib Gourmand,Polish
CheLi, ,Chinese
Forsythia, ,Italian
Caleta 111 Cevicheria,Bib Gourmand,Peruvian
The Leopard at Des Artistes, ,Italian
Oso,Bib Gourmand,Mexican
Nyonya,Bib Gourmand,Malaysian
Babbo, ,Italian
Chez Ma Tante, ,American
Tong Sam Gyup Goo Yi,Bib Gourmand,Korean
Persepolis, ,Persian
Legend of Taste,Bib Gourmand,Chinese
Benoit, ,French
Soba Totto, ,Japanese
Il Buco Alimentari e Vineria, ,Italian
Eleven Madison Park,3 Stars,Vegan
Essential by Christophe,1 Star,French
Wenwen, ,Taiwanese
Koloman, ,Contemporary
Sunday in Brooklyn, ,American
DOMODOMO,Bib Gourmand,Japanese
Caviar Russe,1 Star,Contemporary
Peter Luger, ,Steakhouse
EN Japanese Brasserie, ,Japanese
Noreetuh, ,Fusion
Il Fiorista, ,Contemporary
Casa Ora, ,Venezuelan
Clover Hill,1 Star,Contemporary
Novitá, ,Italian
Katz's,Bib Gourmand,Deli
Noda,1 Star,Japanese
Barawine, ,Contemporary
Aska,2 Stars,Scandinavian
Pastis, ,French
Tra Di Noi,Bib Gourmand,Italian
Sushi Nakazawa,1 Star,Japanese
Tempura Matsui,1 Star,Japanese
Kubeh, ,Middle
Jeju Noodle Bar,1 Star,Korean
Chavela’s,Bib Gourmand,Mexican
Speedy Romeo,Bib Gourmand,Pizza
Le Coucou,1 Star,French
Somtum Der, ,Thai
Frenchette, ,French
Raoul's, ,French
Aquavit,2 Stars,Scandinavian
Altro Paradiso, ,American
Estela,1 Star,Contemporary
Ito, ,Japanese
L'inizio, ,Italian
Charlie Bird, ,Contemporary
The Inn at Pound Ridge, ,American
Mischa, ,Contemporary
Carlotto, ,Contemporary
Ensenada, ,Mexican
Fasano, ,Italian
Oceans, ,Seafood
Macelleria Italian Steakhouse, ,Steakhouse
Wayan, ,Indonesian
Lola Taverna, ,Greek
Nami Nori,Bib Gourmand,Japanese
Portale, ,Italian
Eléa, ,Greek
Golden Unicorn, ,Chinese
Francie,1 Star,Contemporary
Gallaghers, ,Steakhouse
Upland, ,Mediterranean
Avant Garden, ,Vegan
Masa,3 Stars,Japanese
Cote,1 Star,Korean
Georgian Cuisine,Bib Gourmand,Central
Fausto, ,Italian
Orsay, ,French
Moti Mahal Delux, ,Indian
HanGawi,Bib Gourmand,Korean
Lupa, ,Italian
The River Café, ,Contemporary
Shion 69 Leonard Street,1 Star,Japanese
Towa, ,Japanese
L’Abeille,1 Star,French
Tredici Social,Bib Gourmand,American
Oxomoco,1 Star,Mexican
Shalom Japan,Bib Gourmand,Fusion
Hao Noodle and Tea,Bib Gourmand,Chinese
The Dutch, ,American
Café Alaia,Bib Gourmand,Italian
Una Pizza Napoletana,Bib Gourmand,Pizza
LORE, ,Contemporary
Place des Fêtes, ,Contemporary
Meadowsweet, ,Mediterranean
Burrata,Bib Gourmand,Italian
Kanoyama, ,Japanese
Maria Restaurant,Bib Gourmand,Italian
Çka Ka Qëllu, ,Balkan
Koyo, ,Japanese
4 Charles Prime Rib, ,Steakhouse
MáLà Project,Bib Gourmand,Chinese
Jungsik,2 Stars,Korean
Restaurant Yuu,1 Star,French
Ipanema, ,Brazilian
Potluck Club,Bib Gourmand,Chinese
Yao Yao,Bib Gourmand,Chinese
Indienne,1 Star,Indian
Gioia Ristorante e Pastificio, ,Italian
KŌMO, ,Japanese
Heritage Restaurant & Caviar Bar, ,Contemporary
Nella Pizza e Pasta,Bib Gourmand,Italian
Porto,1 Star,Portuguese
Girl & The Goat,Bib Gourmand,Contemporary
Mama Delia,Bib Gourmand,Spanish
Qiao Lin Hotpot, ,Chinese
Smyth,3 Stars,Contemporary
Sushi Dokku, ,Japanese
Tan Lu, ,Chinese
Testaccio, ,Mediterranean
The Perch, ,American
Topolobampo,1 Star,Mexican
gather, ,Contemporary
etta,Bib Gourmand,Italian
Esmé,1 Star,Contemporary
The Dawson, ,Gastropub
Proxi,Bib Gourmand,International
Swift & Sons, ,Steakhouse
Mott St.,Bib Gourmand,Fusion
Chef’s Special Cocktail Bar,Bib Gourmand,Chinese
1308 Chicago, ,Contemporary
GG's Chicken Shop, ,American
Bloom Plant Based Kitchen,Bib Gourmand,Vegan
Tzuco, ,Mexican
La Josie,Bib Gourmand,Mexican
Next,1 Star,Contemporary
Ghin Khao,Bib Gourmand,Thai
5 Rabanitos, ,Mexican
Pizza Friendly Pizza, ,Pizza
Gaijin, ,Japanese
Andros Taverna, ,Greek
Provaré, ,Fusion
Kyoten Next Door, ,Sushi
Obélix, ,French
Kie-Gol-Lanee,Bib Gourmand,Mexican
MCCB, ,Chinese
Monteverde, ,Italian
Swift & Sons Tavern & Oyster Bar, ,American
Brindille, ,French
Rose Mary, ,Croatian
Perilla,Bib Gourmand,Korean
Adorn, ,American
Sochi,Bib Gourmand,Vietnamese
Hinoki Sushiko, ,Japanese
Fiya, ,Israeli
Cira,Bib Gourmand,Mediterranean
Gilt Bar,Bib Gourmand,Gastropub
Chez Joël, ,French
S.K.Y., ,Contemporary
Cellar Door Provisions,Bib Gourmand,Mediterranean
Roux, ,Southern
Itoko, ,Japanese
Boonie's,Bib Gourmand,Filipino
Elina's, ,Italian
Lou Mitchell's, ,American
Oriole,2 Stars,Contemporary
Mako,1 Star,Japanese
Nhà Hàng Vietnam, ,Vietnamese
Galit,1 Star,Middle
Jeong, ,Korean
Dear Margaret,Bib Gourmand,Contemporary
Temporis,1 Star,Contemporary
Birrieria Zaragoza,Bib Gourmand,Mexican
Coda Di Volpe, ,Italian
Alla Vita, ,Italian
Moody Tongue,2 Stars,Contemporary
St. Clair Supper Club, ,American
Lardon,Bib Gourmand,Deli
WoodWind, ,American
Union,Bib Gourmand,American
Chicago Cut, ,Steakhouse
Ina Mae,Bib Gourmand,Southern
Bavette’s Bar & Boeuf, ,Steakhouse
Alinea,3 Stars,Creative
Parachute, ,Korean
Les Nomades, ,French
Atelier,1 Star,American
The Coach House by Wazwan, ,South
Avli on the Park, ,Greek
Rooh, ,Indian
Roister, ,Contemporary
Momotaro, ,Japanese
Schwa,1 Star,Contemporary
Munno Pizzeria & Bistro,Bib Gourmand,Pizza
Omakase Yume,1 Star,Japanese
The Izakaya at Momotaro, ,Japanese
Tortello Pastificio,Bib Gourmand,Italian
Arami, ,Japanese
Giant,Bib Gourmand,American
Osteria Langhe, ,Italian
RPM Steak, ,Steakhouse
Bar Mar, ,Seafood
EL Ideas,1 Star,Contemporary
Elske,1 Star,Contemporary
Kumiko, ,Japanese
Blue Door Kitchen & Garden, ,American
Ceres’ Table, ,Italian
Mango Pickle,Bib Gourmand,Indian
Longman & Eagle,Bib Gourmand,Gastropub
Valhalla, ,Contemporary
Pompette,Bib Gourmand,Contemporary
Jinsei Motto, ,Asian
County Barbecue, ,Barbecue
Sepia,1 Star,American
The Gundis, ,Central
Azul Mariscos + Muelle, ,Seafood
Ever,2 Stars,Creative
Ciccio Mio,Bib Gourmand,Italian
Apolonia,Bib Gourmand,Contemporary
Kasama,1 Star,Filipino
The Publican, ,Gastropub
Frontera Grill,Bib Gourmand,Mexican
Pleasant House Pub,Bib Gourmand,Gastropub
avec,Bib Gourmand,Mediterranean
Hugo’s Frog Bar & Fish House, ,American
Luella’s Southern Kitchen, ,Southern
Prime & Provisions, ,Steakhouse
Chilam Balam,Bib Gourmand,Mexican
Sol de Mexico,Bib Gourmand,Mexican
North Pond, ,Contemporary
Demera, ,Ethiopian
Cabra,Bib Gourmand,Peruvian
Beatnik, ,Fusion
Superkhana International,Bib Gourmand,Indian
Big Jones, ,Southern
Tied House, ,Contemporary
Sticky Rice, ,Thai
Boka,1 Star,Contemporary
Mi Tocaya,Bib Gourmand,Mexican
The Purple Pig,Bib Gourmand,Mediterranean
"Table, Donkey and Stick",Bib Gourmand,Austrian
The Gage, ,Gastropub
Goosefoot, ,Contemporary
Juno, ,Japanese
Marisol, ,American
The Duck Inn,Bib Gourmand,Gastropub
HaiSous,Bib Gourmand,Vietnamese
Virtue,Bib Gourmand,Southern
Carnitas Uruapan, ,Mexican
Daisies,Bib Gourmand,Italian
Maple & Ash, ,Steakhouse
Eleven City Diner, ,Deli
Dolo, ,Chinese
Mordecai, ,American
Lula Cafe,Bib Gourmand,American
mfk.,Bib Gourmand,Spanish
Bangers & Lace, ,Gastropub
Coalfire, ,Pizza
Tiny Lou's, ,French
The Deer and the Dove, ,Contemporary
Delbar, ,Middle
The Chastain, ,American
LanZhou Ramen, ,Chinese
Chai Pani, ,Indian
Lyla Lila, ,European
Xi'an Gourmet House, ,Chinese
Food Terminal, ,Malaysian
The Busy Bee,Bib Gourmand,Southern
Miller Union, ,American
Fred's Meat & Bread,Bib Gourmand,American
Heirloom Market BBQ,Bib Gourmand,Barbecue
Marcel, ,Steakhouse
Han Il Kwan, ,Korean
Hayakawa,1 Star,Japanese
Bacchanalia,1 Star,American
Gunshow, ,American
Mujō,1 Star,Japanese
The General Muir, ,Deli
Antico Pizza Napoletana,Bib Gourmand,Pizza
Estrellita,Bib Gourmand,Filipino
Lazy Betty,1 Star,Contemporary
Ticonderoga Club, ,Contemporary
Arepa Mia,Bib Gourmand,Small
Little Bear,Bib Gourmand,Contemporary
The Alden, ,American
Snackboxe Bistro, ,Lao
Kamayan ATL, ,Filipino
Home Grown, ,American
Nam Phuong, ,Vietnamese
Fishmonger,Bib Gourmand,Seafood
The White Bull, ,American
Tomo, ,Japanese
Storico Fresco Alimentari, ,Italian
Atlas,1 Star,American
Bomb Biscuit Co.,Bib Gourmand,Southern
Banshee,Bib Gourmand,American
Kimball House, ,Contemporary
BoccaLupo, ,Italian
Georgia Boy, ,Contemporary
Southern Belle, ,Contemporary
Poor Hendrix, ,Contemporary
Talat Market, ,Thai
Twisted Soul Cookhouse & Pours, ,Southern
AJ's Pit Bar-B-Q,Bib Gourmand,Barbecue
Hey Kiddo, ,Contemporary
Guard and Grace, ,Steakhouse
A5 Steakhouse, ,Steakhouse
Stella's Cucina, ,Italian
Prospect, ,Contemporary
WYLD, ,American
Boulder Dushanbe Tea House, ,Eastern
Noisette, ,French
Tavernetta,Bib Gourmand,Italian
Potager, ,American
Osaki's, ,Japanese
Barolo Grill, ,Italian
Q House, ,Chinese
Bosq,1 Star,Contemporary
Santo, ,American
Mirabelle, ,French
Oak at Fourteenth, ,Contemporary
Beckon,1 Star,Contemporary
Element 47, ,Contemporary
Mawa's Kitchen, ,Contemporary
Basta,Bib Gourmand,Contemporary
Smok, ,Barbecue
The Ginger Pig,Bib Gourmand,Chinese
Fruition, ,American
Olivia, ,Italian
Glo Noodle House,Bib Gourmand,Ramen
Bramble & Hare, ,American
La Diabla Pozole y Mezcal,Bib Gourmand,Mexican
Zoe Ma Ma, ,Chinese
Mercantile Dining and Provision, ,American
Brutø,1 Star,Mexican
Blackbelly Market, ,American
Splendido at the Chateau, ,Contemporary
Safta, ,Israeli
Sweet Basil, ,Fusion
Marco's Coal Fired, ,Pizza
The Wolf's Tailor,1 Star,Contemporary
Ash'Kara,Bib Gourmand,Israeli
Frasca Food and Wine,1 Star,Italian
Temaki Den, ,Japanese
Dio Mio, ,Italian
Hop Alley,Bib Gourmand,Chinese
Mister Oso,Bib Gourmand,Latin
Sushi Kisen, ,Japanese
Aphotic,1 Star,Seafood
Prik Hom, ,Thai
LeYou, ,Ethiopian
Dear Jane's, ,American
Mattei's Tavern, ,American
Taira Sushi & Sake, ,Japanese
Artifact at Mingei, ,International
Niku X, ,Yakiniku
Rory's Place, ,Californian
The Dutchess, ,Burmese
Friends Only, ,Sushi
HK Lounge Bistro, ,Chinese
Villa's Tacos,Bib Gourmand,Mexican
Cotogna, ,Italian
La Costanera, ,Peruvian
Lion Dance Cafe, ,Singaporean
Anomaly SF, ,Contemporary
Rosemary & Pine, ,Contemporary
Carnes Asadas Pancho Lopez,Bib Gourmand,Mexican
Juliet, ,French
Eat Joy Food,Bib Gourmand,Taiwanese
Itria, ,Italian
Henry's Cuisine, ,Chinese
Ken, ,Sushi
Fia Steak, ,Steakhouse
Bell's,1 Star,French
Born & Raised, ,Steakhouse
Café Jacqueline, ,French
Atelier Crenn,3 Stars,Contemporary
Flame, ,Persian
Coni'Seafood,Bib Gourmand,Mexican
Tasty Place, ,Chinese
Alta Adams, ,Southern
Koi Japanese Cuisine, ,Japanese
Lulu, ,Californian
Manzke,1 Star,Contemporary
Knife Pleat,1 Star,Contemporary
LOLA 55,Bib Gourmand,Mexican
Sons & Daughters,1 Star,Contemporary
Corazon Cocina,Bib Gourmand,Mexican
Empress by Boon, ,Cantonese
Hiro Nori Craft Ramen,Bib Gourmand,Japanese
Parche, ,Colombian
Noodle in a Haystack, ,Japanese
Luyu Dumplings, ,Chinese
Hamano Sushi, ,Japanese
Seventh & Dolores, ,Steakhouse
Tsubaki,Bib Gourmand,Japanese
The Bywater,Bib Gourmand,Southern
Luv 2 Eat Thai Bistro, ,Thai
Pearl 6101, ,Mediterranean
Playa,Bib Gourmand,Mexican
Bavel, ,Middle
Palette Tea House, ,Chinese
Yank Sing,Bib Gourmand,Chinese
Destroyer, ,Contemporary
Hayato,2 Stars,Japanese
Blackbird, ,Mediterranean
Juanita & Maude, ,Contemporary
Los Agaves, ,Mexican
The Lark, ,Californian
First & Oak, ,Contemporary
Petit Trois, ,French
Kali,1 Star,Californian
Comal,Bib Gourmand,Mexican
Flea St. Cafe, ,Contemporary
Addison,3 Stars,Contemporary
Bardo Lounge, ,American
Shin Sushi,1 Star,Japanese
Ippuku,Bib Gourmand,Japanese
Chez Panisse, ,Californian
Doppio Zero Pizzeria Napoletana, ,Pizza
Vina Enoteca, ,Italian
Oma San Francisco Station, ,Japanese
The Progress,1 Star,Californian
Mabel’s Gone Fishing,Bib Gourmand,Seafood
Copra, ,Indian
Kajiken, ,Noodles
Bar Cecil, ,American
Petiscos,Bib Gourmand,Portuguese
Leona’s Sushi House, ,Japanese
Poppy & Seed, ,Southern
Cobi's,Bib Gourmand,Asian
Phởholic, ,Vietnamese
Donaji, ,Mexican
in bloom, ,Californian
Craft & Commerce, ,American
Siamo Napoli, ,Italian
Shunji., ,Japanese
Father’s Office,Bib Gourmand,Gastropub
The Lobster, ,Seafood
Chez TJ,1 Star,Contemporary
Le Comptoir, ,Californian
Allora, ,Italian
Breakwater Barbecue, ,Barbecue
The Shota,1 Star,Japanese
Coast Range, ,Steakhouse
Pasta | Bar,1 Star,Contemporary
Good Good Culture Club,Bib Gourmand,South
Nisei,1 Star,Japanese
L' Restaurant, ,French
Phở 79,Bib Gourmand,Vietnamese
Quince,3 Stars,Contemporary
O' by Claude Le Tohic,1 Star,French
Sushi Tadokoro,1 Star,Japanese
Mother Wolf, ,Italian
CHAAK Kitchen,Bib Gourmand,Mexican
Saru, ,Japanese
Sushi by Scratch Restaurants: Montecito, ,Japanese
Yxta Cocina Mexicana, ,Mexican
Lunetta, ,Contemporary
Sushi Yoshizumi,1 Star,Japanese
Felix, ,Italian
Mulvaney’s B&L, ,Californian
Sama Sama Kitchen,Bib Gourmand,Asian
Bird Dog, ,Contemporary
Commis,2 Stars,Contemporary
The Sardine Factory, ,Seafood
Michael’s, ,American
Gjelina, ,Contemporary
Spago, ,Californian
Millennium,Bib Gourmand,Vegan
Adana Restaurant,Bib Gourmand,Middle
Localis,1 Star,Californian
Guelaguetza, ,Mexican
Bestia, ,Italian
Guerrilla Tacos, ,Mexican
Rich Table, ,Californian
Anchor Oyster Bar,Bib Gourmand,Seafood
Kettner Exchange,Bib Gourmand,Contemporary
Dai Ho,Bib Gourmand,Taiwanese
Hidden Fish, ,Japanese
n/naka,2 Stars,Japanese
Bistro Na’s, ,Chinese
Ssal,1 Star,Korean
Café Romanat, ,Ethiopian
Boulevard, ,Californian
Q Sushi,1 Star,Japanese
Chengdu Taste,Bib Gourmand,Chinese
La Marcha, ,Spanish
Soowon Galbi, ,Korean
Gabbi’s Mexican Kitchen,Bib Gourmand,Mexican
Pine & Crane,Bib Gourmand,Asian
Jeune et Jolie,1 Star,French
Soichi,1 Star,Japanese
Chinois on Main, ,Asian
Stockhome,Bib Gourmand,Scandinavian
Izakaya Rintaro,Bib Gourmand,Japanese
A16,Bib Gourmand,Pizza
Yue Huang,Bib Gourmand,Chinese
Acquerello,2 Stars,Italian
Lucia Restaurant & Bar, ,Californian
Cultura, ,Mexican
Newport Seafood, ,Seafood
The Arthur J, ,Steakhouse
Cassia, ,Asian
Kokkari Estiatorio, ,Greek
Evvia, ,Greek
China Village,Bib Gourmand,Chinese
Pausa,Bib Gourmand,Italian
AltoVino, ,Italian
The Morris, ,Contemporary
Aurum, ,Indian
Madcap,1 Star,Contemporary
Parks BBQ, ,Korean
SingleThread,3 Stars,Contemporary
The Kitchen,1 Star,Contemporary
La Bicyclette, ,European
Marugame Monzo, ,Japanese
Catania, ,Italian
La Azteca,Bib Gourmand,Mexican
Colapasta,Bib Gourmand,Italian
Taquería El Paisa,Bib Gourmand,Mexican
Soba Ichi,Bib Gourmand,Japanese
Fishing with Dynamite, ,Seafood
A.O.C., ,Mediterranean
Carlitos Gardel, ,Argentinian
Hippo, ,Italian
Anajak Thai, ,Thai
Hawks, ,American
Berber, ,Moroccan
Esperanza Cocina de la Playa, ,Mexican
Rocio's Mexican Kitchen,Bib Gourmand,Mexican
Ronan, ,Italian
Yoichi’s, ,Japanese
Delage, ,Japanese
All Spice, ,International
Citrin,1 Star,Californian
Six Test Kitchen,1 Star,Contemporary
Horses, ,Contemporary
Sushi Takeda, ,Japanese
jū-ni, ,Japanese
Luscious Dumplings,Bib Gourmand,Chinese
Dela Curo, ,Japanese
Bettina,Bib Gourmand,Pizza
Big Sur Smokehouse, ,Barbecue
Trestle,Bib Gourmand,Contemporary
Avra, ,Greek
LaoXi Noodle House,Bib Gourmand,Chinese
Mi Lindo Nayarit Mariscos, ,Seafood
Chosun Galbee, ,Korean
majordōmo, ,Asian
Maccheroni Republic,Bib Gourmand,Italian
Pizzeria Mozza,Bib Gourmand,Pizza
Providence,2 Stars,Seafood
Yong Su San, ,Korean
The Stonehouse, ,American
Gintei, ,Japanese
Zócalo, ,Mexican
Montrio Bistro, ,Contemporary
Redbird, ,Contemporary
Quarters BBQ, ,Korean
El Buen Comer, ,Mexican
Del Popolo,Bib Gourmand,Pizza
A.R. Valentien, ,Contemporary
Valette, ,Californian
Tūmbi,Bib Gourmand,Indian
Charcoal Venice, ,American
Sichuan Impression,Bib Gourmand,Chinese
Beast + Bounty, ,Californian
Picco, ,Contemporary
Birdsong,2 Stars,Contemporary
La Taqueria, ,Mexican
Saltwater, ,Seafood
Pèppoli, ,Italian
Outerlands,Bib Gourmand,Californian
Robin, ,Japanese
Utzutzu, ,Japanese
République, ,Mediterranean
Tacos Oscar,Bib Gourmand,Mexican
Village Sake,Bib Gourmand,Japanese
Le Comptoir at Bar Crenn,1 Star,Contemporary
Omakase, ,Japanese
Mister Jiu’s,1 Star,Chinese
Pig in a Pickle,Bib Gourmand,Barbecue
Okane,Bib Gourmand,Japanese
Nozawa Bar,1 Star,Japanese
Akaoni, ,Japanese
Jar, ,Contemporary
Flour + Water, ,Italian
Rooh, ,Indian
Casanova, ,European
Aubergine,1 Star,Contemporary
Kismet,Bib Gourmand,Middle
Maude,1 Star,Contemporary
Sweet Rice, ,Thai
Vaca, ,Spanish
MAMA Oakland,Bib Gourmand,Italian
Cloak & Petal, ,Japanese
Grange, ,American
Garlic & Chives by Kristin, ,Vietnamese
Burritos La Palma,Bib Gourmand,Mexican
Otoño, ,Spanish
Monsieur Benjamin, ,French
Prospect, ,Californian
Great China,Bib Gourmand,Chinese
Benu,3 Stars,Asian
Teni East Kitchen,Bib Gourmand,Burmese
Kin Khao,1 Star,Thai
Masa's Sushi, ,Japanese
Luna Mexican Kitchen,Bib Gourmand,Mexican
Killer Noodle, ,Japanese
Liholiho Yacht Club, ,Asian
Ootoro, ,Japanese
Mayura, ,Indian
Union,Bib Gourmand,Italian
Jon & Vinny’s,Bib Gourmand,Italian
Orsa & Winston,1 Star,Contemporary
Little Frenchie, ,French
Mägo, ,Californian
Los Carnalitos,Bib Gourmand,Mexican
Insalata's,Bib Gourmand,Mediterranean
Pizzetta 211, ,Pizza
Serẽa Coastal Cuisine, ,Seafood
Sushi Ginza Onodera,2 Stars,Japanese
Mensho, ,Japanese
Solare,Bib Gourmand,Italian
Coasterra, ,Mexican
Fiorella, ,Italian
Animae, ,Asian
Belotti Ristorante e Bottega, ,Italian
Nari,1 Star,Thai
Violet's, ,American
The Exchange, ,Contemporary
Protégé,1 Star,Contemporary
Mariscos Jalisco,Bib Gourmand,Mexican
Nopalito,Bib Gourmand,Mexican
Che Fico, ,Italian
Selby's,1 Star,American
Pasjoli, ,French
Range Life,Bib Gourmand,Californian
Angler SF,1 Star,Contemporary
Sichuan Home,Bib Gourmand,Chinese
Zuni Café, ,Californian
Barbareño, ,Californian
Openaire, ,Californian
The Factory Kitchen,Bib Gourmand,Italian
Angelini Osteria, ,Italian
Parkway Grill, ,American
J. Zhou, ,Chinese
The Fishery, ,Seafood
SPQR, ,Italian
Sorrel,1 Star,Contemporary
The Charter Oak, ,Californian
Salud, ,Mexican
Chef Tony, ,Chinese
Langer's,Bib Gourmand,Deli
Rêve Bistro, ,French
Auro,1 Star,Contemporary
Mian,Bib Gourmand,Chinese
Lunasia Dim Sum House,Bib Gourmand,Chinese
Shizen, ,Vegan
Flores,Bib Gourmand,Mexican
Ernest, ,Contemporary
Hana re,1 Star,Japanese
Shalizaar, ,Persian
Saison,2 Stars,Californian
New Dumpling,Bib Gourmand,Chinese
Ciccia Osteria,Bib Gourmand,Italian
Morning Glory,Bib Gourmand,American
Monte Alban, ,Mexican
Saddle Peak Lodge, ,American
Vik's Chaat, ,Indian
Fort Oak, ,Steakhouse
Guisados, ,Mexican
Paprika Café, ,Mediterranean
Iyasare, ,Japanese
Chi Spacca, ,Italian
Connie & Ted’s, ,Seafood
Perbacco, ,Italian
Nightbird, ,Californian
Juniper & Ivy, ,Californian
Terrapin Creek, ,Californian
Himitsu, ,Japanese
El Mercado Modern Cuisine, ,Mexican
Baran's 2239,Bib Gourmand,Californian
Milo + Olive, ,Farm
Sushi Inaba,1 Star,Japanese
Lazy Bear,2 Stars,Contemporary
Kusakabe, ,Japanese
Tacubaya, ,Mexican
Funky Elephant, ,Thai
Bellota, ,Spanish
Californios,2 Stars,Mexican
Sushi Ran,Bib Gourmand,Japanese
Sol Food, ,Puerto
Wood Tavern,Bib Gourmand,American
FOB Kitchen,Bib Gourmand,Filipino
The Madrona, ,Contemporary
Octavia, ,Californian
Badmaash,Bib Gourmand,Indian
MARKET Restaurant + Bar, ,International
Barcote, ,Ethiopian
Fia, ,Contemporary
Luce, ,Contemporary
Ella, ,Contemporary
wonderful, ,Chinese
Shibumi,1 Star,Japanese
Sierra Mar, ,Californian
Ayara Thai Cuisine, ,Thai
Fishwives,Bib Gourmand,Seafood
Sushi Note, ,Japanese
iTalico,Bib Gourmand,Italian
Osteria Mozza,1 Star,Italian
Jitlada,Bib Gourmand,Thai
Campfire, ,Contemporary
The Ranch, ,Steakhouse
Frances, ,Californian
Camden Spit & Larder, ,Gastropub
Wakuriya,1 Star,Japanese
Son of a Gun,Bib Gourmand,Seafood
Gwen,1 Star,Steakhouse
R|O-Rebel Omakase, ,Japanese
Boozehounds, ,International
La Calenda,Bib Gourmand,Mexican
Gary Danko,1 Star,Contemporary
4 Saints, ,American
Nixtaco,Bib Gourmand,Mexican
Spruce, ,Californian
Baltaire, ,Steakhouse
Jiang Nan Spring,Bib Gourmand,Chinese
Madera, ,Contemporary
Cesarina,Bib Gourmand,Italian
Rustic Canyon, ,Californian
Adega, ,Portuguese
Orchard City Kitchen,Bib Gourmand,International
Great Maple, ,American
Dama, ,Latin
CUT, ,Steakhouse
Jo's Modern Thai,Bib Gourmand,Thai
Herb & Wood, ,Californian
The French Laundry,3 Stars,Contemporary
Farmstead, ,Californian
Pizzeria Bianco,Bib Gourmand,Pizza
peasants FEAST,Bib Gourmand,American
Gabi James, ,Spanish
Bibi Ji, ,Indian
Cucina Urbana,Bib Gourmand,Italian
Café Basque, ,Basque
matū, ,Steakhouse
Bacon & Butter, ,American
Cafe Reyes, ,Pizza
Chulita,Bib Gourmand,Mexican
Zola, ,French
Selanne Steak Tavern, ,Steakhouse
Bee Taqueria,Bib Gourmand,Mexican
Sabio on Main, ,Californian
Bicyclette Bistro, ,French
Camper, ,Californian
Todos Santos, ,Mexican
Ciccio,Bib Gourmand,Italian
Sovereign, ,Thai
Ramen & Tsukemen TAO,Bib Gourmand,Japanese
Omakase by Gino, ,Japanese
Fable & Spirit,Bib Gourmand,Californian
Nine-Ten, ,Contemporary
Sea Harbour,Bib Gourmand,Chinese
Guesthouse, ,Contemporary
Merchant Roots, ,Creative
Frank Fat’s,Bib Gourmand,Chinese
Dija Mara,Bib Gourmand,Indonesian
Trust, ,American
Medina, ,Moroccan
Tempura Endo, ,Japanese
Harborview, ,Chinese
Yafa,Bib Gourmand,Mediterranean
LSXO, ,Vietnamese
Pasta Moon, ,Italian
Workshop Kitchen & Bar, ,Californian
Yuji, ,Japanese
Mandolin Taverna, ,Greek
Hog Island Oyster Co., ,Seafood
Sato Omakase, ,Sushi
Cento Pasta Bar, ,Italian
Kenzo,1 Star,Japanese
Z & Y,Bib Gourmand,Chinese
Ramen Gaijin,Bib Gourmand,Japanese
Canon,Bib Gourmand,Contemporary
La Viga Seafood & Cocina Mexicana, ,Mexican
Niku Steakhouse,1 Star,Steakhouse
Mourad, ,Moroccan
Gracias Madre SF, ,Vegan
Plant Food + Wine, ,Vegan
Dha Rae Oak,Bib Gourmand,Korean
Marché Moderne, ,French
Kato,1 Star,Asian
State Bird Provisions,1 Star,Californian
Colony Club, ,American
Burmatown, ,Burmese
Longo Seafood,Bib Gourmand,Chinese
Rossoblu,Bib Gourmand,Italian
Love & Salt, ,Italian
Heritage,1 Star,Californian
Horn Barbecue,Bib Gourmand,Barbecue
Chiang Rai, ,Thai
3rd Cousin, ,Californian
Ella, ,Californian
Loquita,Bib Gourmand,Spanish
Holbox,Bib Gourmand,Mexican
Plumed Horse,1 Star,Contemporary
The Village Pub,1 Star,Contemporary
Dio Deka, ,Greek
Pijja Palace,Bib Gourmand,Fusion
Cheeky's, ,American
Kingfisher, ,Vietnamese
Pizzana,Bib Gourmand,Italian
Sushi Shin,1 Star,Japanese
Callie,Bib Gourmand,Mediterranean
Bello by Sandro Nardone, ,Italian
Asanebo, ,Japanese
Mélisse,2 Stars,Modern
Saffron, ,Indian
The Matheson, ,Contemporary
Michael Warring, ,Contemporary
Auberge du Soleil,1 Star,Californian
Boonville Hotel & Restaurant, ,American
Oliver's Osteria, ,Italian
Gem Dining, ,Asian
Perle, ,French
Ember, ,Californian
Moo's Craft Barbecue,Bib Gourmand,Barbecue
Heritage Barbecue,Bib Gourmand,Barbecue
Brera Ristorante, ,Italian
Aziza, ,Moroccan
Bombera,Bib Gourmand,Mexican
Sushi Kaneyoshi,1 Star,Japanese
Dumpling Home,Bib Gourmand,Chinese
Hilda and Jesse,Bib Gourmand,American
Bird & Buffalo, ,Thai
Yangban Society, ,Asian
IMA, ,Japanese
Morihiro,1 Star,Japanese
The Restaurant at JUSTIN,1 Star,Californian
Ox + Anchor, ,Steakhouse
Valley,Bib Gourmand,Californian
Lumière, ,French
Mentone,Bib Gourmand,Italian
Spoon & Pork, ,Filipino
Abacá, ,Filipino
Nate's on Marsh, ,American
North Block, ,Californian
Valle,1 Star,Mexican
Chalkboard,Bib Gourmand,American
Mustards Grill, ,American
Tony's Seafood, ,Seafood
Momoyama, ,Japanese
Sushi Yuen, ,Sushi
Farmhouse Inn & Restaurant, ,Californian
All Day Baby,Bib Gourmand,American
Fish & Bird Sousaku Izakaya, ,Japanese
Amor y Tacos,Bib Gourmand,Mexican
Ettan, ,Indian
Ad Hoc, ,American
Routier, ,French
Tamarine, ,Vietnamese
Bouchon, ,French
LA Cha Cha Chá, ,Mexican
Caruso's,1 Star,Californian
Habana, ,Cuban
asterid by Ray Garcia, ,Californian
Manuela, ,American
Bar Le Côte, ,Seafood
Menya Ultra, ,Japanese
Chuan Yu, ,Chinese
Spinning Bones,Bib Gourmand,Californian
Arc Food & Libations, ,American
Damian, ,Mexican
FolkTable,Bib Gourmand,Californian
Be.Stéak.Ă, ,Steakhouse
Found Oyster, ,Seafood
Gucci Osteria da Massimo Bottura,1 Star,Italian
Élephante, ,Contemporary
Jeong Yuk Jeom, ,Korean
Khom Loi,Bib Gourmand,Thai
Glen Ellen Star,Bib Gourmand,Californian
Gozu, ,Contemporary
RYLA, ,Contemporary
Girl & the Goat Los Angeles, ,Contemporary
Camphor,1 Star,French
Chifa,Bib Gourmand,Fusion
Miller & Lux, ,Steakhouse
Stokes Adobe, ,Contemporary
Maligne,Bib Gourmand,Californian
Barndiva,1 Star,Californian
Osito,1 Star,Contemporary
Pomet, ,Californian
Coastal Kitchen, ,Contemporary
Mijoté, ,French
Kaori Sushi, ,Japanese
Oriel, ,French
Top Hatters Kitchen,Bib Gourmand,Contemporary
Dry Creek Kitchen, ,American
Ipoh Kopitiam,Bib Gourmand,Malaysian
Dunsmoor, ,American
Pizzeria Sei, ,Pizza
Sushi Nikkei, ,Sushi
AMA Sushi, ,Sushi
Manhattan Beach Post,Bib Gourmand,International
Birdie G's, ,American
Mar'sel, ,American
Lalibela,Bib Gourmand,Ethiopian
Snail Bar,Bib Gourmand,Contemporary
The Attic, ,Southern
Chez Noir,1 Star,Contemporary
The Hatch, ,American
The Brothers Sushi, ,Japanese
Agnes, ,American
Antico Nuovo, ,Italian
The Barn Kitchen at Sparrows Lodge, ,Californian
Saffy's,Bib Gourmand,Middle
Les Petites Canailles, ,French
Yunomi Handroll, ,Japanese
Cyrus,1 Star,Californian
Khan Saab Desi Craft Kitchen,Bib Gourmand,Pakistani
Yasu, ,Japanese
ASA South, ,Californian
New England Lobster Eatery, ,Seafood
Kazan,Bib Gourmand,Japanese
El Molino Central,Bib Gourmand,Mexican
Savida, ,Seafood
Le Fantastique, ,Contemporary
Birch & Rye, ,Russian
Animo, ,Californian
Flavors from Afar,Bib Gourmand,International
Zhengyalov Hatz, ,Armenian
Alderwood, ,American
Troubadour, ,French
Beijing Duck House, ,Chinese
kodō, ,Izakaya
Diavola, ,Italian
La Toque, ,Contemporary
Tac/Quila, ,Mexican
Hatchet Hall, ,American
San Ho Won,1 Star,Korean
Harbor House,2 Stars,Californian
Meteora, ,Creative
San Laurel, ,Spanish
Ardor, ,Californian
Gusto Handcrafted Pasta & Pizza, ,Italian
Bansang,Bib Gourmand,Korean
Sorella, ,Italian
Sushi ii, ,Japanese
Cafe La Haye, ,Californian
715,1 Star,Japanese
Press,1 Star,Modern
Solbar, ,Californian
Psomi,Bib Gourmand,Greek
Flaming Mountain, ,Chinese
Jaguar Sun,Bib Gourmand,Contemporary
Brasserie Laurel, ,French
Lido, ,Italian
Tambourine Room by Tristan Brandt,1 Star,Contemporary
Macchialina, ,Italian
Selam, ,Ethiopian
Rocca,1 Star,Italian
Lucali,Bib Gourmand,Pizza
Leku, ,Spanish
Lion & the Rambler, ,American
Beauty & the Butcher, ,Contemporary
Chug's Diner,Bib Gourmand,Cuban
Tigre, ,Argentinian
Se7en Bites, ,American
Soseki,1 Star,Fusion
Bistro BT, ,Fusion
Pizza Bruno, ,Pizza
Hakkasan Miami, ,Chinese
Ghee Indian Kitchen,Bib Gourmand,Indian
Los Fuegos by Francis Mallmann, ,Argentinian
Capa,1 Star,Steakhouse
Ponte, ,Contemporary
Phuc Yea,Bib Gourmand,Vietnamese
Strand,Bib Gourmand,American
La Camaronera, ,Seafood
The Surf Club Restaurant,1 Star,American
Sushi Yasu Tanaka, ,Japanese
Kai Asian Street Fare, ,Asian
Joe's Stone Crab, ,Seafood
California Grill, ,American
The Ravenous Pig,Bib Gourmand,Gastropub
Z Asian,Bib Gourmand,Vietnamese
Doce Provisions, ,Cuban
Sticky Rice, ,Lao
DOYA,Bib Gourmand,Mediterranean
Los Félix,1 Star,Mexican
Bombay Street Kitchen,Bib Gourmand,Indian
Victoria & Albert's, ,Contemporary
Otto's High Dive,Bib Gourmand,Cuban
Norigami,Bib Gourmand,Japanese
The Gibson Room, ,American
Twenty Pho Hour, ,Asian
Juju, ,Japanese
Versailles, ,Cuban
Papa Llama,Bib Gourmand,Peruvian
The Polite Pig, ,Barbecue
Sear + Sea, ,Steakhouse
Estiatorio Milos, ,Greek
Hiyakawa Miami, ,Japanese
Sanguich De Miami,Bib Gourmand,Cuban
El Turco,Bib Gourmand,Mediterranean
Mister O1 Extraordinary Pizza, ,Pizza
Edoboy, ,Sushi
Pao by Paul Qui, ,Asian
Doshi, ,Korean
Michael's Genuine,Bib Gourmand,Contemporary
Luca Osteria, ,Italian
27 Restaurant & Bar, ,Contemporary
Gorkhali Kitchen,Bib Gourmand,Nepali
Noble Rice, ,Japanese
Hiden,1 Star,Japanese
Hoja Taqueria, ,Mexican
Cena, ,Italian
Zitz Sum,Bib Gourmand,Asian
Ravello, ,Italian
Cítricos, ,American
Columbia, ,Cuban
Ulele, ,American
Walrus Rodeo, ,American
Toledo, ,Spanish
AVA MediterrAegean, ,Greek
Niu Kitchen, ,Spanish
Mignonette, ,Seafood
Taquiza, ,Mexican
La Mar by Gastón Acurio, ,Peruvian
On Swann, ,Contemporary
The Pinery, ,American
Primo, ,Italian
Isan Zaap,Bib Gourmand,Thai
Kaya, ,Filipino
Mandolin Aegean Bistro,Bib Gourmand,Mediterranean
Hometown Barbecue Miami,Bib Gourmand,Barbecue
Rosie's,Bib Gourmand,American
Red Rooster Overtown, ,International
Elcielo Miami,1 Star,Colombian
Latin Cafe, ,Cuban
Bern’s Steak House, ,Steakhouse
Steelbach, ,Southern
Timpano, ,Italian
Oak & Ola, ,European
Lilac,1 Star,Mediterranean
Fiola Miami, ,Italian
Boia De,1 Star,Contemporary
Lung Yai Thai Tapas,Bib Gourmand,Thai
Kabooki Sushi, ,Japanese
Kadence,1 Star,Japanese
Swine & Sons,Bib Gourmand,American
Le Zoo, ,French
Morimoto Asia, ,Asian
Havana Harry's, ,Cuban
L'Atelier de Joël Robuchon Miami,2 Stars,French
YH Seafood Clubhouse, ,Chinese
Bachour,Bib Gourmand,Contemporary
Hawkers, ,Asian
"Four Flamingos, A Richard Blais Florida Kitchen", ,Contemporary
Élevage SoHo Kitchen & Bar, ,International
Josh's Deli, ,Deli
The Den at Azabu Miami Beach,1 Star,Japanese
Haven, ,Contemporary
Restaurant BT, ,Vietnamese
Maxine's on Shine, ,American
Taste of Chengdu,Bib Gourmand,Chinese
Knife & Spoon,1 Star,Steakhouse
Rooster and the Till,Bib Gourmand,International
Bacán, ,Latin
Cote Miami,1 Star,Korean
Le Jardinier Miami,1 Star,French
Ariete,1 Star,Contemporary
Black Rooster Taqueria, ,Mexican
Yummy House, ,Chinese
Zak The Baker,Bib Gourmand,Bakery
Cafe La Trova, ,Cuban
Olivia, ,Italian
Krüs Kitchen, ,Contemporary
Tori Tori, ,Japanese
Domu,Bib Gourmand,Ramen
Stubborn Seed,1 Star,Contemporary
Mise en Place, ,International
Orno, ,Contemporary
Tinta y Cafe,Bib Gourmand,Cuban
Prato, ,Italian
La Natural,Bib Gourmand,Pizza
Koya,1 Star,Japanese
MILA, ,Asian
Navé, ,Seafood
Shin Jung, ,Korean
